destination,source_repository,source_commit,source_path,owner,contributors_reviewed,migration_method,result_license,reviewer
docs/legal/RELICENSING.md,rogerchucker/palonexus-sdk,WORKTREE,docs/legal/RELICENSING.md,PaloNexus,yes,new,MIT,rogerchucker
docs/legal/PROVENANCE.csv,rogerchucker/palonexus-sdk,WORKTREE,docs/legal/PROVENANCE.csv,PaloNexus,yes,new,MIT,rogerchucker
docs/legal/THIRD_PARTY.md,rogerchucker/palonexus-sdk,WORKTREE,docs/legal/THIRD_PARTY.md,PaloNexus,yes,new,MIT,rogerchucker
scripts/verify_legal.py,rogerchucker/palonexus-sdk,WORKTREE,scripts/verify_legal.py,PaloNexus,yes,new,MIT,rogerchucker
foundation_tests/test_legal.py,rogerchucker/palonexus-sdk,WORKTREE,foundation_tests/test_legal.py,PaloNexus,yes,new,MIT,rogerchucker
python/pyproject.toml,rogerchucker/palonexus-sdk,WORKTREE,python/pyproject.toml,PaloNexus,yes,new,MIT,rogerchucker
LICENSE,rogerchucker/palonexus-sdk,WORKTREE,LICENSE,PaloNexus,yes,new,MIT,rogerchucker
README.md,rogerchucker/palonexus-sdk,WORKTREE,README.md,PaloNexus,yes,new,MIT,rogerchucker
docs/legal/OWNER_AUTHORIZATION.md,rogerchucker/palonexus-sdk,WORKTREE,docs/legal/OWNER_AUTHORIZATION.md,PaloNexus,yes,new,MIT,rogerchucker
docs/legal/SOURCE_TREE.txt,rogerchucker/palonexus-sdk,GENERATED,scripts/verify_legal.py,PaloNexus,yes,generated,MIT,rogerchucker
foundation_tests/test_repository_metadata.py,rogerchucker/palonexus-sdk,WORKTREE,foundation_tests/test_repository_metadata.py,PaloNexus,yes,new,MIT,rogerchucker
pyproject.toml,rogerchucker/palonexus-sdk,WORKTREE,pyproject.toml,PaloNexus,yes,new,MIT,rogerchucker
ruff.toml,rogerchucker/palonexus-sdk,WORKTREE,ruff.toml,PaloNexus,yes,new,MIT,rogerchucker
uv.lock,rogerchucker/palonexus-sdk,GENERATED,pyproject.toml,PaloNexus,yes,generated,MIT,rogerchucker
protocol/__init__.py,rogerchucker/palonexus-sdk,WORKTREE,protocol/__init__.py,PaloNexus,yes,new,MIT,rogerchucker
protocol/reference/__init__.py,rogerchucker/palonexus-sdk,WORKTREE,protocol/reference/__init__.py,PaloNexus,yes,new,MIT,rogerchucker
protocol/reference/validate.py,rogerchucker/palonexus-sdk,WORKTREE,protocol/reference/validate.py,PaloNexus,yes,new,MIT,rogerchucker
protocol/schemas/action-v1.schema.json,rogerchucker/palonexus-sdk,WORKTREE,protocol/schemas/action-v1.schema.json,PaloNexus,yes,new,MIT,rogerchucker
protocol/schemas/common-v1.schema.json,rogerchucker/palonexus-sdk,WORKTREE,protocol/schemas/common-v1.schema.json,PaloNexus,yes,new,MIT,rogerchucker
protocol/schemas/decision-v1.schema.json,rogerchucker/palonexus-sdk,WORKTREE,protocol/schemas/decision-v1.schema.json,PaloNexus,yes,new,MIT,rogerchucker
protocol/test-vectors/action/invalid/caller-supplied-client-id.json,rogerchucker/palonexus-sdk,WORKTREE,protocol/test-vectors/action/invalid/caller-supplied-client-id.json,PaloNexus,yes,new,MIT,rogerchucker
protocol/test-vectors/action/invalid/malformed-resource-hash.json,rogerchucker/palonexus-sdk,WORKTREE,protocol/test-vectors/action/invalid/malformed-resource-hash.json,PaloNexus,yes,new,MIT,rogerchucker
protocol/test-vectors/action/invalid/missing-task.json,rogerchucker/palonexus-sdk,WORKTREE,protocol/test-vectors/action/invalid/missing-task.json,PaloNexus,yes,new,MIT,rogerchucker
protocol/test-vectors/action/invalid/unknown-side-effect.json,rogerchucker/palonexus-sdk,WORKTREE,protocol/test-vectors/action/invalid/unknown-side-effect.json,PaloNexus,yes,new,MIT,rogerchucker
protocol/test-vectors/action/invalid/unversioned-extension.json,rogerchucker/palonexus-sdk,WORKTREE,protocol/test-vectors/action/invalid/unversioned-extension.json,PaloNexus,yes,new,MIT,rogerchucker
protocol/test-vectors/action/invalid/unknown-action.json,rogerchucker/palonexus-sdk,WORKTREE,protocol/test-vectors/action/invalid/unknown-action.json,PaloNexus,yes,new,MIT,rogerchucker
protocol/test-vectors/action/invalid/unknown-major.json,rogerchucker/palonexus-sdk,WORKTREE,protocol/test-vectors/action/invalid/unknown-major.json,PaloNexus,yes,new,MIT,rogerchucker
protocol/test-vectors/action/valid/file-write.json,rogerchucker/palonexus-sdk,WORKTREE,protocol/test-vectors/action/valid/file-write.json,PaloNexus,yes,new,MIT,rogerchucker
protocol/test-vectors/action/valid/mcp-call.json,rogerchucker/palonexus-sdk,WORKTREE,protocol/test-vectors/action/valid/mcp-call.json,PaloNexus,yes,new,MIT,rogerchucker
protocol/test-vectors/decision/invalid/approval-missing.json,rogerchucker/palonexus-sdk,WORKTREE,protocol/test-vectors/decision/invalid/approval-missing.json,PaloNexus,yes,new,MIT,rogerchucker
protocol/test-vectors/decision/invalid/cacheable-allow.json,rogerchucker/palonexus-sdk,WORKTREE,protocol/test-vectors/decision/invalid/cacheable-allow.json,PaloNexus,yes,new,MIT,rogerchucker
protocol/test-vectors/decision/invalid/malformed-hashes.json,rogerchucker/palonexus-sdk,WORKTREE,protocol/test-vectors/decision/invalid/malformed-hashes.json,PaloNexus,yes,new,MIT,rogerchucker
protocol/test-vectors/decision/invalid/unknown-major.json,rogerchucker/palonexus-sdk,WORKTREE,protocol/test-vectors/decision/invalid/unknown-major.json,PaloNexus,yes,new,MIT,rogerchucker
protocol/test-vectors/decision/invalid/unknown-outcome.json,rogerchucker/palonexus-sdk,WORKTREE,protocol/test-vectors/decision/invalid/unknown-outcome.json,PaloNexus,yes,new,MIT,rogerchucker
protocol/test-vectors/decision/semantic-invalid/invalid-time-order.json,rogerchucker/palonexus-sdk,WORKTREE,protocol/test-vectors/decision/semantic-invalid/invalid-time-order.json,PaloNexus,yes,new,MIT,rogerchucker
protocol/test-vectors/decision/valid/allow.json,rogerchucker/palonexus-sdk,WORKTREE,protocol/test-vectors/decision/valid/allow.json,PaloNexus,yes,new,MIT,rogerchucker
protocol/test-vectors/decision/valid/approval-required.json,rogerchucker/palonexus-sdk,WORKTREE,protocol/test-vectors/decision/valid/approval-required.json,PaloNexus,yes,new,MIT,rogerchucker
protocol/test-vectors/decision/valid/deny-missing-identity.json,rogerchucker/palonexus-sdk,WORKTREE,protocol/test-vectors/decision/valid/deny-missing-identity.json,PaloNexus,yes,new,MIT,rogerchucker
protocol/test-vectors/decision/valid/deny.json,rogerchucker/palonexus-sdk,WORKTREE,protocol/test-vectors/decision/valid/deny.json,PaloNexus,yes,new,MIT,rogerchucker
protocol/tests/test_action_decision_schema.py,rogerchucker/palonexus-sdk,WORKTREE,protocol/tests/test_action_decision_schema.py,PaloNexus,yes,new,MIT,rogerchucker
protocol/tests/test_time_validation.py,rogerchucker/palonexus-sdk,WORKTREE,protocol/tests/test_time_validation.py,PaloNexus,yes,new,MIT,rogerchucker
protocol/validation-v1.md,rogerchucker/palonexus-sdk,WORKTREE,protocol/validation-v1.md,PaloNexus,yes,new,MIT,rogerchucker
protocol/canonicalization.md,rogerchucker/palonexus-sdk,WORKTREE,protocol/canonicalization.md,PaloNexus,yes,new,MIT,rogerchucker
protocol/reference/canonicalize.py,rogerchucker/palonexus-sdk,WORKTREE,protocol/reference/canonicalize.py,PaloNexus,yes,new,MIT,rogerchucker
protocol/test-vectors/canonicalization/adapter-client-trust-boundary.json,rogerchucker/palonexus-sdk,GENERATED,protocol/reference/canonicalize.py,PaloNexus,yes,generated,MIT,rogerchucker
protocol/test-vectors/canonicalization/duplicate-keys.json,rogerchucker/palonexus-sdk,GENERATED,protocol/reference/canonicalize.py,PaloNexus,yes,generated,MIT,rogerchucker
protocol/test-vectors/canonicalization/idna2008-a-label.json,rogerchucker/palonexus-sdk,GENERATED,protocol/reference/canonicalize.py,PaloNexus,yes,generated,MIT,rogerchucker
protocol/test-vectors/canonicalization/mcp-nested-json.json,rogerchucker/palonexus-sdk,GENERATED,protocol/reference/canonicalize.py,PaloNexus,yes,generated,MIT,rogerchucker
protocol/test-vectors/canonicalization/missing-vs-null.json,rogerchucker/palonexus-sdk,GENERATED,protocol/reference/canonicalize.py,PaloNexus,yes,generated,MIT,rogerchucker
protocol/test-vectors/canonicalization/numeric-portability.json,rogerchucker/palonexus-sdk,GENERATED,protocol/reference/canonicalize.py,PaloNexus,yes,generated,MIT,rogerchucker
protocol/test-vectors/canonicalization/path-traversal-symlink-policy.json,rogerchucker/palonexus-sdk,GENERATED,protocol/reference/canonicalize.py,PaloNexus,yes,generated,MIT,rogerchucker
protocol/test-vectors/canonicalization/resource-preimage-binding.json,rogerchucker/palonexus-sdk,GENERATED,protocol/reference/canonicalize.py,PaloNexus,yes,generated,MIT,rogerchucker
protocol/test-vectors/canonicalization/shell-redaction-collision-resistance.json,rogerchucker/palonexus-sdk,GENERATED,protocol/reference/canonicalize.py,PaloNexus,yes,generated,MIT,rogerchucker
protocol/test-vectors/canonicalization/unicode-equivalence.json,rogerchucker/palonexus-sdk,GENERATED,protocol/reference/canonicalize.py,PaloNexus,yes,generated,MIT,rogerchucker
protocol/test-vectors/canonicalization/url-credential-binding.json,rogerchucker/palonexus-sdk,GENERATED,protocol/reference/canonicalize.py,PaloNexus,yes,generated,MIT,rogerchucker
protocol/test-vectors/canonicalization/url-normalization-policy.json,rogerchucker/palonexus-sdk,GENERATED,protocol/reference/canonicalize.py,PaloNexus,yes,generated,MIT,rogerchucker
protocol/tests/test_canonicalization.py,rogerchucker/palonexus-sdk,WORKTREE,protocol/tests/test_canonicalization.py,PaloNexus,yes,new,MIT,rogerchucker
